puntuaci√≥n,review,sentimiento
,"Todo bien, pero podr√≠a mejorar el empaque.",neutral
,"Todo sali√≥ bien, muy satisfecho con la compra.",positivo
,"Me encant√≥ el producto, cumple con todo lo prometido.",positivo
,El trato fue amable y profesional.,positivo
,"Me encant√≥ el producto, cumple con todo lo prometido.",positivo
,"No cumple lo que promete, muy decepcionado.",negativo
,El producto lleg√≥ roto y con mala presentaci√≥n.,negativo
,"Es justo lo que esperaba, sin m√°s.",neutral
,"Nada destacable, simplemente aceptable.",neutral
1.0,"Nos hemos llevado una gran decepci√≥n.
Ven√≠amos con la idea de comernos una rica paella al lado de la playa y nos hemos ido comiendonos una paella aceptable sin m√°s en el interior de un local enorme‚Ä¶",negativo
,"Todo sali√≥ bien, muy satisfecho con la compra.",positivo
,La comida estaba fr√≠a y el personal fue grosero.,negativo
,"Recib√≠ el producto, a√∫n no lo he probado.",neutral
,"No cumple lo que promete, muy decepcionado.",negativo
,El empaque era hermoso y la entrega r√°pida.,positivo
,El empaque estaba abierto y sucio.,negativo
,Excelente servicio y atenci√≥n.,positivo
,"Es justo lo que esperaba, sin m√°s.",neutral
,"Todo bien, pero podr√≠a mejorar el empaque.",neutral
50.0,"El bully nunca falla como escenario para nuestras cenas de amigas del equipo de baloncesto, y ya son desde hace 11 a√±os que nos reunimos aqui, como siempre el servicio espectacular y la comida inmejorable. Muy recomendable!M√°s",positivo
,"Nada destacable, simplemente aceptable.",neutral
,La comida estaba deliciosa y el lugar impecable.,positivo
,"No funcion√≥ como esperaba, perd√≠ mi dinero.",negativo
,El trato fue amable y profesional.,positivo
,La comida estaba fr√≠a y el personal fue grosero.,negativo
,Buen precio y excelente presentaci√≥n.,positivo
,"Super√≥ mis expectativas, funciona perfecto.",positivo
,Definitivamente no volver√≠a a comprar aqu√≠.,negativo
,"Una experiencia maravillosa, volver√© sin dudarlo.",positivo
,"Recib√≠ el producto, a√∫n no lo he probado.",neutral
,El soporte t√©cnico nunca respondi√≥.,negativo
2.0,"Desde luego una decepci√≥n. ""Cria fama..."" Mucha propaganda pero nada aconsejable. La paella era ins√≠pida, poco gustosa. La amanida pobre y sencilla por el precio q piden. El pan que sirven est√° bueno. El camarero corriendo arriba y abajo,‚Ä¶",neutral
,Buen precio y excelente presentaci√≥n.,positivo
,"Cumple con lo b√°sico, sin destacar demasiado.",neutral
,La comida estaba deliciosa y el lugar impecable.,positivo
40.0,un sitio muy agradable para tomar un caf√© unas ca√±as picar algo o incluso comer. tiene una agradable terraza para los fumadores.....M√°s,positivo
,"Todo bien, pero podr√≠a mejorar el empaque.",neutral
,"Es justo lo que esperaba, sin m√°s.",neutral
,El empaque era hermoso y la entrega r√°pida.,positivo
,"Una experiencia maravillosa, volver√© sin dudarlo.",positivo
,Excelente servicio y atenci√≥n.,positivo
50.0,Excelente comida en una de las mejores terrazas de Donosti. Atenci√≥n de 10. Una maravillosa opci√≥n en un lugar tranquiloM√°s,positivo
,Tardaron semanas en enviar el pedido.,negativo
,Tardaron semanas en enviar el pedido.,negativo
,"Super√≥ mis expectativas, funciona perfecto.",positivo
,El producto cumple con su funci√≥n.,neutral
,"El servicio fue adecuado, sin inconvenientes.",neutral
,"Todo bien, pero podr√≠a mejorar el empaque.",neutral
,"Una experiencia maravillosa, volver√© sin dudarlo.",positivo
5.0,"Restaurante excepcional, el servicio exquisito, la comida deliciosa, hice fotos de los entrantes y estaba todo riqu√≠simo, cuando lleg√≥ el arroz caldoso de bogavante y la paella de rochos, estaba disfrutando tanto de la comida y ten√≠a tan bien aspecto que ni me acord√© de hacerle fotos a los platos principales",positivo
,"Cumple con lo b√°sico, sin destacar demasiado.",neutral
,"P√©simo servicio, no lo recomiendo.",negativo
,El producto lleg√≥ roto y con mala presentaci√≥n.,negativo
,Buen precio y excelente presentaci√≥n.,positivo
,Buen precio y excelente presentaci√≥n.,positivo
,El soporte t√©cnico nunca respondi√≥.,negativo
,"Super√≥ mis expectativas, funciona perfecto.",positivo
,"El servicio fue adecuado, sin inconvenientes.",neutral
,"El servicio fue adecuado, sin inconvenientes.",neutral
,"Todo sali√≥ bien, muy satisfecho con la compra.",positivo
,"Recib√≠ el producto, a√∫n no lo he probado.",neutral
,"Nada destacable, simplemente aceptable.",neutral
,"Recib√≠ el producto, a√∫n no lo he probado.",neutral
,El soporte t√©cnico nunca respondi√≥.,negativo
,La comida estaba fr√≠a y el personal fue grosero.,negativo
,El empaque era hermoso y la entrega r√°pida.,positivo
,El empaque era hermoso y la entrega r√°pida.,positivo
50.0,"Servicio muy atento, todo de calidad y un buen precio, nos ha servido ibai, muy majo! Me encantan sus patatas bravas!M√°s",positivo
,Buen precio y excelente presentaci√≥n.,positivo
,"Super√≥ mis expectativas, funciona perfecto.",positivo
50.0,"Tras pedirme un caf√© y le ped√≠ consejo al camarero para comer algo para almorzar, me recomend√≥ la Tarta de Zanahoria. Sabor s√∫per bueno y estaba s√∫per jugosa. Prometo volver a otras horas para probar productos de la carta, como el Cachopo, del que me...M√°s",positivo
,El trato fue amable y profesional.,positivo
,"Recib√≠ el producto, a√∫n no lo he probado.",neutral
,"Ni bien ni mal, simplemente correcto.",neutral
,"Nada destacable, simplemente aceptable.",neutral
,"Me encant√≥ el producto, cumple con todo lo prometido.",positivo
,El soporte t√©cnico nunca respondi√≥.,negativo
,"Mala calidad, se da√±√≥ al primer uso.",negativo
,"Nada destacable, simplemente aceptable.",neutral
,El trato fue amable y profesional.,positivo
,Excelente servicio y atenci√≥n.,positivo
,"Nada destacable, simplemente aceptable.",neutral
,"Super√≥ mis expectativas, funciona perfecto.",positivo
,"No funcion√≥ como esperaba, perd√≠ mi dinero.",negativo
,"P√©simo servicio, no lo recomiendo.",negativo
50.0,Espectacular y bonito lugar donde nos han atendido unos majisimos camareros. Comida muy rica y buena atencion. Espectacular el camarero ikerM√°s,positivo
1.0,"Nos hemos llevado una gran decepci√≥n.
Ven√≠amos con la idea de comernos una rica paella al lado de la playa y nos hemos ido comiendonos una paella aceptable sin m√°s en el interior de un local enorme‚Ä¶",negativo
,"El servicio fue adecuado, sin inconvenientes.",neutral
,Tardaron semanas en enviar el pedido.,negativo
,El soporte t√©cnico nunca respondi√≥.,negativo
,"El servicio fue adecuado, sin inconvenientes.",neutral
,"El servicio fue adecuado, sin inconvenientes.",neutral
,La comida estaba fr√≠a y el personal fue grosero.,negativo
,"Recib√≠ el producto, a√∫n no lo he probado.",neutral
,La comida estaba fr√≠a y el personal fue grosero.,negativo
,"P√©simo servicio, no lo recomiendo.",negativo
50.0,"Muy amable y agradable todo gracias al camarero Iker, con este dia de lluvia nos ha buscado el mejor sitio posible y acogedor para unos cuantos amigos. Muy recomendable!! VolveremosüòäM√°s",positivo
,El soporte t√©cnico nunca respondi√≥.,negativo
,"Muy buena calidad, lo recomiendo totalmente.",positivo
,"Nada destacable, simplemente aceptable.",neutral
50.0,"Todo muy rico y de buen ambiente. Nuestro camarero Iker muy amable y servicial en todo momento, mejor imposible. Recomendable 100%M√°s",positivo
,"No cumple lo que promete, muy decepcionado.",negativo
,"El servicio fue adecuado, sin inconvenientes.",neutral
5.0,"De los mejores sitios para comer paella  , y productos del mar , aconsejable reservar siempre completo , personal muy amable y atento sobre todo Amador , numerosos famosos desde hace tiempo hasta actuales pasan x aqu√≠",positivo
,"El servicio fue adecuado, sin inconvenientes.",neutral
,La comida estaba fr√≠a y el personal fue grosero.,negativo
,El empaque estaba abierto y sucio.,negativo
,"Recib√≠ el producto, a√∫n no lo he probado.",neutral
,La comida estaba fr√≠a y el personal fue grosero.,negativo
,"P√©simo servicio, no lo recomiendo.",negativo
,El trato fue amable y profesional.,positivo
,El trato fue amable y profesional.,positivo
,"Super√≥ mis expectativas, funciona perfecto.",positivo
50.0,Servicio r√°pido y de calidad. Perfecta atenci√≥n de un tal Ibai! Simp√°tico tras atender a much√≠sima gente...M√°s,positivo
50.0,"Conoc√≠ este sitio a trav√©s de internet y me pareci√≥ una opci√≥n interesante para comer, as√≠ que aprovech√© la visita de unos amigos para ir y probarlo. Fuimos en coche y la zona en la que est√° ubicado es de f√°cil aparcamiento, por lo que...M√°s",positivo
,"Ni bien ni mal, simplemente correcto.",neutral
,El producto lleg√≥ roto y con mala presentaci√≥n.,negativo
,La comida estaba deliciosa y el lugar impecable.,positivo
5.0,"De los mejores sitios para comer paella  , y productos del mar , aconsejable reservar siempre completo , personal muy amable y atento sobre todo Amador , numerosos famosos desde hace tiempo hasta actuales pasan x aqu√≠",positivo
3.0,Buen sitio para comer arroces en primera l√≠nea de playa. Hay que reservar ya que  siempre est√° lleno. La atenci√≥n fue buena por parte del camarero. La comida est√° buena pero no me sorprendi√≥ especialmente. Esperaba las mejores paellas de‚Ä¶,positivo
,"Recib√≠ el producto, a√∫n no lo he probado.",neutral
,"Lleg√≥ a tiempo, pero no me sorprendi√≥.",neutral
,"Muy buena calidad, lo recomiendo totalmente.",positivo
,"No cumple lo que promete, muy decepcionado.",negativo
50.0,"Recordando viejos tiempos en el bully, buena gente, buena comida y mejor servicio. Un acierto seguro üòâüí™üèΩM√°s",positivo
,El producto lleg√≥ roto y con mala presentaci√≥n.,negativo
,El soporte t√©cnico nunca respondi√≥.,negativo
,"Super√≥ mis expectativas, funciona perfecto.",positivo
,"Lleg√≥ a tiempo, pero no me sorprendi√≥.",neutral
,El producto lleg√≥ roto y con mala presentaci√≥n.,negativo
,"No cumple lo que promete, muy decepcionado.",negativo
,"P√©simo servicio, no lo recomiendo.",negativo
,Tardaron semanas en enviar el pedido.,negativo
,"No funcion√≥ como esperaba, perd√≠ mi dinero.",negativo
,El trato fue amable y profesional.,positivo
,"Todo sali√≥ bien, muy satisfecho con la compra.",positivo
,El producto lleg√≥ roto y con mala presentaci√≥n.,negativo
,Buen precio y excelente presentaci√≥n.,positivo
,"El servicio fue adecuado, sin inconvenientes.",neutral
,"Me encant√≥ el producto, cumple con todo lo prometido.",positivo
,"No cumple lo que promete, muy decepcionado.",negativo
,"Todo sali√≥ bien, muy satisfecho con la compra.",positivo
3.0,Buen sitio para comer arroces en primera l√≠nea de playa. Hay que reservar ya que  siempre est√° lleno. La atenci√≥n fue buena por parte del camarero. La comida est√° buena pero no me sorprendi√≥ especialmente. Esperaba las mejores paellas de‚Ä¶,positivo
3.0,"En general la paella estaba muy buena pero el resto de los entrantes eran normales, ni una delicia al paladar ni un plato que tuvieras que dejarte. Estaba bien sin alardes. Estuvimos comiendo un domingo y el sitio estaba bastante lleno as√≠‚Ä¶",positivo
,La comida estaba deliciosa y el lugar impecable.,positivo
,El empaque era hermoso y la entrega r√°pida.,positivo
,"Ni bien ni mal, simplemente correcto.",neutral
,"No cumple lo que promete, muy decepcionado.",negativo
,"Todo sali√≥ bien, muy satisfecho con la compra.",positivo
,"Mala calidad, se da√±√≥ al primer uso.",negativo
,"Mala calidad, se da√±√≥ al primer uso.",negativo
,"Me encant√≥ el producto, cumple con todo lo prometido.",positivo
,"El servicio fue adecuado, sin inconvenientes.",neutral
,"Nada destacable, simplemente aceptable.",neutral
,"Todo bien, pero podr√≠a mejorar el empaque.",neutral
,"No cumple lo que promete, muy decepcionado.",negativo
,"El servicio fue adecuado, sin inconvenientes.",neutral
,"P√©simo servicio, no lo recomiendo.",negativo
,El producto lleg√≥ roto y con mala presentaci√≥n.,negativo
,"Es justo lo que esperaba, sin m√°s.",neutral
,"Cumple con lo b√°sico, sin destacar demasiado.",neutral
,"Super√≥ mis expectativas, funciona perfecto.",positivo
2.0,"Desde luego una decepci√≥n. ""Cria fama..."" Mucha propaganda pero nada aconsejable. La paella era ins√≠pida, poco gustosa. La amanida pobre y sencilla por el precio q piden. El pan que sirven est√° bueno. El camarero corriendo arriba y abajo,‚Ä¶",neutral
,"Todo bien, pero podr√≠a mejorar el empaque.",neutral
,"Mala calidad, se da√±√≥ al primer uso.",negativo
,El soporte t√©cnico nunca respondi√≥.,negativo
,El empaque era hermoso y la entrega r√°pida.,positivo
,"Todo bien, pero podr√≠a mejorar el empaque.",neutral
,Tardaron semanas en enviar el pedido.,negativo
,El empaque era hermoso y la entrega r√°pida.,positivo
,"Recib√≠ el producto, a√∫n no lo he probado.",neutral
,El producto cumple con su funci√≥n.,neutral
,"El servicio fue adecuado, sin inconvenientes.",neutral
,"Es justo lo que esperaba, sin m√°s.",neutral
,"Mala calidad, se da√±√≥ al primer uso.",negativo
,La comida estaba fr√≠a y el personal fue grosero.,negativo
,La comida estaba fr√≠a y el personal fue grosero.,negativo
,La comida estaba fr√≠a y el personal fue grosero.,negativo
,La comida estaba fr√≠a y el personal fue grosero.,negativo
50.0,Hemos comido estupendamente en la terraza con unos amigos y luego hemos tomado unas copas. Amabilidad en el servicio y muy buen rollo. Repetiremos seguro. Un placer.M√°s,positivo
,"Una experiencia maravillosa, volver√© sin dudarlo.",positivo
,El soporte t√©cnico nunca respondi√≥.,negativo
,Tardaron semanas en enviar el pedido.,negativo
,Buen precio y excelente presentaci√≥n.,positivo
,"Es justo lo que esperaba, sin m√°s.",neutral
,El producto cumple con su funci√≥n.,neutral
,"Una experiencia maravillosa, volver√© sin dudarlo.",positivo
,"Muy buena calidad, lo recomiendo totalmente.",positivo
5.0,"Paellas buen√≠simas!!! Pedimos la de langosta , y estaba riqu√≠sima,muy sabrosa, y con el socarratü§§ 100% recomendable!",positivo
,La comida estaba deliciosa y el lugar impecable.,positivo
,"Es justo lo que esperaba, sin m√°s.",neutral
,"Una experiencia maravillosa, volver√© sin dudarlo.",positivo
,Tardaron semanas en enviar el pedido.,negativo
,"El servicio fue adecuado, sin inconvenientes.",neutral
,"Una experiencia maravillosa, volver√© sin dudarlo.",positivo
,"Mala calidad, se da√±√≥ al primer uso.",negativo
,"Cumple con lo b√°sico, sin destacar demasiado.",neutral
,El trato fue amable y profesional.,positivo
,"La experiencia fue normal, nada especial.",neutral
,Excelente servicio y atenci√≥n.,positivo
,"Cumple con lo b√°sico, sin destacar demasiado.",neutral
,"Muy buena calidad, lo recomiendo totalmente.",positivo
,El soporte t√©cnico nunca respondi√≥.,negativo
,El empaque era hermoso y la entrega r√°pida.,positivo
,"P√©simo servicio, no lo recomiendo.",negativo
50.0,"Un trato muy amable, los platos contundentes y de gran calidad, rapidez en el servicio y el local muy bonito. Tuvieron el detalle de regalarnos una botella de decoraci√≥n que ten√≠an de muestra Local muy recomendable para volver",positivo
5.0,"Entrantes cuidados y bien cocinados. Paella Pepica espectacular. Rapidez  y amabilidad en el servicio. Local bien ventilado y cumplimiento la normativa COVID.
Altamente recomendable.",positivo
5.0,"Paellas buen√≠simas!!! Pedimos la de langosta , y estaba riqu√≠sima,muy sabrosa, y con el socarratü§§ 100% recomendable!",positivo
,El empaque estaba abierto y sucio.,negativo
,"Mala calidad, se da√±√≥ al primer uso.",negativo
,"Nada destacable, simplemente aceptable.",neutral
,La comida estaba deliciosa y el lugar impecable.,positivo
,"Todo bien, pero podr√≠a mejorar el empaque.",neutral
,El trato fue amable y profesional.,positivo
,La comida estaba deliciosa y el lugar impecable.,positivo
,"Cumple con lo b√°sico, sin destacar demasiado.",neutral
,Definitivamente no volver√≠a a comprar aqu√≠.,negativo
,Tardaron semanas en enviar el pedido.,negativo
,"Super√≥ mis expectativas, funciona perfecto.",positivo
,El empaque era hermoso y la entrega r√°pida.,positivo
,"Me encant√≥ el producto, cumple con todo lo prometido.",positivo
,"Lleg√≥ a tiempo, pero no me sorprendi√≥.",neutral
,El soporte t√©cnico nunca respondi√≥.,negativo
,"Todo sali√≥ bien, muy satisfecho con la compra.",positivo
1.0,"Un poco decepci√≥n, despu√©s de las buenas recomendaciones vistas creo que el √∫nico encanto del sitio es que est√° cerca de la playa. La comida es aceptable, no te vas a quedar con hambre pero la calidad y la ejecuci√≥n no son buenas. La fideua‚Ä¶",negativo
,"Nada destacable, simplemente aceptable.",neutral
,Definitivamente no volver√≠a a comprar aqu√≠.,negativo
,"Nada destacable, simplemente aceptable.",neutral
40.0,"Para comer o cenar algo esta bien, lo malo es que las mesas estas un poco cerca una de la otra y con carro es un poco dificil acceder, en cuanto a comida hay entrantes, hamburguesas, pasta, y platos combinados. La torrija caramelizada un 10.M√°s",positivo
40.0,"Dispone de espacios acogedores con unas mamparas que hacen la estancia sea gratificante; en su gran terraza, las mesas bajo sombrillas son tambi√©n agradables en las que entre el verde del monte y un desahogado espacio, donde en un plano inferior existen una pistas deportivas,...M√°s",positivo
,"Lleg√≥ a tiempo, pero no me sorprendi√≥.",neutral
,"Todo bien, pero podr√≠a mejorar el empaque.",neutral
,"Cumple con lo b√°sico, sin destacar demasiado.",neutral
,"Todo sali√≥ bien, muy satisfecho con la compra.",positivo
,"No funcion√≥ como esperaba, perd√≠ mi dinero.",negativo
,El producto lleg√≥ roto y con mala presentaci√≥n.,negativo
,"Todo bien, pero podr√≠a mejorar el empaque.",neutral
,La comida estaba fr√≠a y el personal fue grosero.,negativo
,"No funcion√≥ como esperaba, perd√≠ mi dinero.",negativo
,"Una experiencia maravillosa, volver√© sin dudarlo.",positivo
,El soporte t√©cnico nunca respondi√≥.,negativo
,La comida estaba deliciosa y el lugar impecable.,positivo
3.0,"En general la paella estaba muy buena pero el resto de los entrantes eran normales, ni una delicia al paladar ni un plato que tuvieras que dejarte. Estaba bien sin alardes. Estuvimos comiendo un domingo y el sitio estaba bastante lleno as√≠‚Ä¶",positivo
,El empaque estaba abierto y sucio.,negativo
,El trato fue amable y profesional.,positivo
,El producto lleg√≥ roto y con mala presentaci√≥n.,negativo
,La comida estaba deliciosa y el lugar impecable.,positivo
5.0,"Restaurante excepcional, el servicio exquisito, la comida deliciosa, hice fotos de los entrantes y estaba todo riqu√≠simo, cuando lleg√≥ el arroz caldoso de bogavante y la paella de rochos, estaba disfrutando tanto de la comida y ten√≠a tan bien aspecto que ni me acord√© de hacerle fotos a los platos principales",positivo
,"Lleg√≥ a tiempo, pero no me sorprendi√≥.",neutral
50.0,"Es un sitio genial, con camareros muy atentos y amables. Hemos comido de maravilla y los precios son razonables. No es la primera vez que vamos y seguro que volveremos en m√°s ocasiones. Gracias Claudia! #vamosalbullyM√°s",positivo
,"Todo bien, pero podr√≠a mejorar el empaque.",neutral
,El soporte t√©cnico nunca respondi√≥.,negativo
,"Todo bien, pero podr√≠a mejorar el empaque.",neutral
1.0,"Un poco decepci√≥n, despu√©s de las buenas recomendaciones vistas creo que el √∫nico encanto del sitio es que est√° cerca de la playa. La comida es aceptable, no te vas a quedar con hambre pero la calidad y la ejecuci√≥n no son buenas. La fideua‚Ä¶",negativo
,"Recib√≠ el producto, a√∫n no lo he probado.",neutral
,"Nada destacable, simplemente aceptable.",neutral
,Tardaron semanas en enviar el pedido.,negativo
,La comida estaba fr√≠a y el personal fue grosero.,negativo
,"Nada destacable, simplemente aceptable.",neutral
,"Muy buena calidad, lo recomiendo totalmente.",positivo
,"Una experiencia maravillosa, volver√© sin dudarlo.",positivo
,"Muy buena calidad, lo recomiendo totalmente.",positivo
,Buen precio y excelente presentaci√≥n.,positivo
50.0,"Sitio agradable y familiar . El trato por el personal excelente y cercano, muy amables y buenas caras, el servicio r√°pido y eficaz, cantidad en los platos suficiente y c√≥mida rica. Limpieza en el local buena.Recomendable 100%. Volver√©. Saludos.M√°s",positivo
,"Me encant√≥ el producto, cumple con todo lo prometido.",positivo
50.0,"Comer en Donosti, al sol en la terraza y en Nochebuena, no tiene precio!! Muchas gracias a Lander y a Ibai por el genial servicio!M√°s",positivo
,El soporte t√©cnico nunca respondi√≥.,negativo
,La comida estaba deliciosa y el lugar impecable.,positivo
,"La experiencia fue normal, nada especial.",neutral
,"Cumple con lo b√°sico, sin destacar demasiado.",neutral
,Definitivamente no volver√≠a a comprar aqu√≠.,negativo
,"La experiencia fue normal, nada especial.",neutral
,Tardaron semanas en enviar el pedido.,negativo
,Definitivamente no volver√≠a a comprar aqu√≠.,negativo
,La comida estaba fr√≠a y el personal fue grosero.,negativo
,"La experiencia fue normal, nada especial.",neutral
,"Es justo lo que esperaba, sin m√°s.",neutral
,"Ni bien ni mal, simplemente correcto.",neutral
,"Ni bien ni mal, simplemente correcto.",neutral
,"Cumple con lo b√°sico, sin destacar demasiado.",neutral
,Definitivamente no volver√≠a a comprar aqu√≠.,negativo
,La comida estaba fr√≠a y el personal fue grosero.,negativo
,"Todo sali√≥ bien, muy satisfecho con la compra.",positivo
,"P√©simo servicio, no lo recomiendo.",negativo
,El empaque estaba abierto y sucio.,negativo
,"El servicio fue adecuado, sin inconvenientes.",neutral
,"Muy buena calidad, lo recomiendo totalmente.",positivo
,El empaque era hermoso y la entrega r√°pida.,positivo
40.0,"Tanto la comida como los pintxos son buenos, los gintonics los preparan de maravilla y la relaci√≥n calidad precio est√° muy bien. Con buen tiempo es muy agradable la terraza",positivo
,"Muy buena calidad, lo recomiendo totalmente.",positivo
,El trato fue amable y profesional.,positivo
,El soporte t√©cnico nunca respondi√≥.,negativo
5.0,"Entrantes cuidados y bien cocinados. Paella Pepica espectacular. Rapidez  y amabilidad en el servicio. Local bien ventilado y cumplimiento la normativa COVID.
Altamente recomendable.",positivo
,"Todo bien, pero podr√≠a mejorar el empaque.",neutral
,La comida estaba deliciosa y el lugar impecable.,positivo
,Excelente servicio y atenci√≥n.,positivo
,"El servicio fue adecuado, sin inconvenientes.",neutral
,"La experiencia fue normal, nada especial.",neutral
50.0,"Recomendable si quieres sentirte como en casa, buena comida y mejor servicio. Gracias en particular a Ibai,Lander e Iker por ser siempre tan atentos.M√°s",positivo
,"Muy buena calidad, lo recomiendo totalmente.",positivo
,"Nada destacable, simplemente aceptable.",neutral
,"No funcion√≥ como esperaba, perd√≠ mi dinero.",negativo
,"La experiencia fue normal, nada especial.",neutral
,El trato fue amable y profesional.,positivo
,"Todo bien, pero podr√≠a mejorar el empaque.",neutral
,"Cumple con lo b√°sico, sin destacar demasiado.",neutral
,"Muy buena calidad, lo recomiendo totalmente.",positivo
,"Me encant√≥ el producto, cumple con todo lo prometido.",positivo
,"Mala calidad, se da√±√≥ al primer uso.",negativo
,El soporte t√©cnico nunca respondi√≥.,negativo
,"Lleg√≥ a tiempo, pero no me sorprendi√≥.",neutral
,"No cumple lo que promete, muy decepcionado.",negativo
,"Mala calidad, se da√±√≥ al primer uso.",negativo
,"Una experiencia maravillosa, volver√© sin dudarlo.",positivo
,El empaque era hermoso y la entrega r√°pida.,positivo
,"No funcion√≥ como esperaba, perd√≠ mi dinero.",negativo
,"Es justo lo que esperaba, sin m√°s.",neutral
2.0,"El lugar muy bonito, la atenci√≥n buena. Pedimos un calamar a la plancha para picar y era UN calamar con poco sabor. Para plato principal pedimos fideu√°‚Ä¶ trist√≠sima. Realmente prefiero hacer unos fideos con salsa de tomate en casa y‚Ä¶",neutral
,"Todo bien, pero podr√≠a mejorar el empaque.",neutral
,El soporte t√©cnico nunca respondi√≥.,negativo
,"Recib√≠ el producto, a√∫n no lo he probado.",neutral
,Tardaron semanas en enviar el pedido.,negativo
,"Ni bien ni mal, simplemente correcto.",neutral
,"Cumple con lo b√°sico, sin destacar demasiado.",neutral
,"Nada destacable, simplemente aceptable.",neutral
,"Mala calidad, se da√±√≥ al primer uso.",negativo
,"Todo sali√≥ bien, muy satisfecho con la compra.",positivo
,"No funcion√≥ como esperaba, perd√≠ mi dinero.",negativo
,La comida estaba deliciosa y el lugar impecable.,positivo
,"Super√≥ mis expectativas, funciona perfecto.",positivo
,"Recib√≠ el producto, a√∫n no lo he probado.",neutral
,La comida estaba fr√≠a y el personal fue grosero.,negativo
,El trato fue amable y profesional.,positivo
,"Recib√≠ el producto, a√∫n no lo he probado.",neutral
2.0,"El lugar muy bonito, la atenci√≥n buena. Pedimos un calamar a la plancha para picar y era UN calamar con poco sabor. Para plato principal pedimos fideu√°‚Ä¶ trist√≠sima. Realmente prefiero hacer unos fideos con salsa de tomate en casa y‚Ä¶",neutral
,El soporte t√©cnico nunca respondi√≥.,negativo
,Buen precio y excelente presentaci√≥n.,positivo
,"Muy buena calidad, lo recomiendo totalmente.",positivo
,"El servicio fue adecuado, sin inconvenientes.",neutral
,"Super√≥ mis expectativas, funciona perfecto.",positivo
